element,id,name,brand,addr:street,addr:housenumber,addr:city,addr:postcode,phone,website,geometry,lat,lon,is_duplicate
node,142773190,MCDONALD'S,McDonald's,Rua Henrique Schaumann,124,São Paulo,05413-010,,,POINT (-46.6782804 -23.5633723),-23.56384728924478,-46.67850537068163,1
node,865280465,Mc Donalds,McDonald's,Avenida Bernardino de Campos,307,,04004-050,0800 888 1955,https://www.mcdonalds.com.br/,POINT (-46.6422711 -23.573439),-23.573799462071474,-46.64266860482383,1
node,2195123498,MCDONALD'S,McDonald's,Avenida Paulista,2034,São Paulo,01310-200,,,POINT (-46.6593523 -23.5585802),-23.558489707487553,-46.65982051732052,1
node,2428171364,MCDONALD'S,McDonald's,,,,,,,POINT (-46.7024611 -23.5284532),-23.528734562025196,-46.7024557447119,1
node,2862747295,MCDONALD'S,McDonald's,Rua Augusta,1858,São Paulo,01412-000,,,POINT (-46.6611783 -23.5588939),-23.558832654937063,-46.66096228038708,1
node,3383889645,McDonald's,McDonald's,,,,,,,POINT (-46.7198587 -23.4879365),-23.488216059377958,-46.71976943431613,1
node,3415424081,MCDONALD'S,McDonald's,Rua Oscar Freire,430,São Paulo,05406-000,,,POINT (-46.6749939 -23.5559542),-23.55569539263287,-46.67533424068362,1
node,4103925391,McDonald's,McDonald's,,,,,,,POINT (-46.7070513 -23.653066),-23.653225749483482,-46.70739582050019,1
node,4103937989,MCDONALDS,McDonald's,Rua Direita,33,São Paulo,01002-001,,,POINT (-46.6340033 -23.5489703),-23.54936808972348,-46.634123372699364,1
node,4230461279,MCDONALDS,McDonald's,Rua Silva Bueno,2185,São Paulo,04208-052,,,POINT (-46.6005897 -23.5978487),-23.59750120563365,-46.60048597396863,1
node,4552187868,MCDONALD'S,McDonald's,Rua Maria Marcolina,440,São Paulo,03011-000,,,POINT (-46.6161189 -23.5381087),-23.537878968213306,-46.61608267190854,1
node,4713491634,McDonald's,McDonald's,Rua Doutor Luiz Migliano,,,,,,POINT (-46.7424792 -23.6131366),-23.61355779980192,-46.74268602171859,1
node,4936395923,MCDONALDS,McDonald's,,,,,,,POINT (-46.640467 -23.5427516),-23.54267424785474,-46.64026242816379,1
node,4964023947,MCDONALD'S,McDonald's,Avenida Paulista,810,São Paulo,01310-100,,,POINT (-46.6505201 -23.566083),-23.56592173668143,-46.65024703165921,1
node,5084749337,MCDONALD'S,McDonald's,Rua São Bento,215,São Paulo,01011-000,,,POINT (-46.6358014 -23.5471871),-23.546831782278982,-46.635434916333246,1
node,5091921398,McDonald's,McDonald's,Rua Vinte e Cinco de Março,767,São Paulo,01021-200,,,POINT (-46.632498 -23.5430315),-23.543253526396892,-46.63236231555573,1
node,5186280749,MCDONALDS,McDonald's,Rua Vinte e Cinco de Março,1109,São Paulo,01021-200,,,POINT (-46.6321726 -23.5399784),-23.54031574590284,-46.63231732929977,1
node,5887250288,MCDONALDS,McDonald's,,,,,,,POINT (-46.4499546 -23.5406288),-23.540426979686544,-46.44977105233446,1
node,5894715989,MCDONALD'S,McDonald's,,,,,,,POINT (-46.7008063 -23.5209359),-23.520826768994333,-46.70113516135181,1
node,5894770685,Mc Donalds,McDonald's,,,,,,,POINT (-46.709787 -23.6531488),-23.653485397506238,-46.70990754455824,1
node,6216089070,Mc Donalds,McDonald's,,,,,,,POINT (-46.5996862 -23.5216264),-23.52144178574901,-46.59934334807981,1
node,6389931858,MCDONALD'S,McDonald's,,,,,,,POINT (-46.619423 -23.5896226),-23.589893551928036,-46.61989089975609,1
node,6584571806,MCDONALDS,McDonald's,Avenida Marechal Tito,3333,,,,,POINT (-46.4125422 -23.4945142),-23.49461303521298,-46.41297601139478,1
node,6711300983,MCDONALDS,McDonald's,Avenida Brigadeiro Faria Lima,1721,São Paulo,01452-001,,,POINT (-46.6896824 -23.572392),-23.572679373455948,-46.68968316874051,1
node,7128603055,McDonald's,McDonald's,Rua Barão de Itapetininga,26,São Paulo,01042-000,,,POINT (-46.6395816 -23.5453816),-23.545738728409557,-46.63994196968047,1
node,7177787341,MCDONALDS,McDonald's,,,,,,,POINT (-46.7122011 -23.6164626),-23.616215586188346,-46.71227266617271,1
node,7233891172,McDonald's,McDonald's,Rua Serra de Bragança,437,São Paulo,03318-000,,,POINT (-46.5712756 -23.5454692),-23.545607203556287,-46.57077827422201,1
node,9706142974,Mc Donalds,McDonald's,,,,,,,POINT (-46.6993834 -23.62381),-23.62380047370632,-46.699792490587825,1
node,9709143833,MCDONALD'S,McDonald's,,,,,,,POINT (-46.6964571 -23.6091925),-23.60883139709033,-46.69680425868066,1
node,9709143862,Mc Donalds,McDonald's,,,,,,,POINT (-46.697041 -23.6101532),-23.609861120635635,-46.6971188400332,1
node,9711875813,MCDONALD'S,McDonald's,,,,,,,POINT (-46.6519975 -23.5542176),-23.554332832688328,-46.65190161157164,1
node,9717848310,McDonald's,McDonald's,,,,,,,POINT (-46.5770054 -23.5420048),-23.5419756856549,-46.57653432162238,1
node,9717887173,MCDONALD'S,McDonald's,,,,,,,POINT (-46.5765546 -23.539136),-23.538955716589744,-46.576940048257015,1
node,10032623950,MCDONALDS,McDonald's,,,,,,,POINT (-46.7248619 -23.5859337),-23.58566510126734,-46.72502172452697,1
node,10922252874,MCDONALDS,McDonald's,,,,,,,POINT (-46.5809933 -23.5850739),-23.585139134749333,-46.581039576293676,1
node,11603007236,MCDONALDS Sorvetes,McDonald's,Avenida Arquiteto Vilanova Artigas,132,,,,,POINT (-46.5012176 -23.6135164),-23.61304451190113,-46.50095563780094,1
node,11779572657,MCDONALD'S,McDonald's,,,,,,,POINT (-46.7175217 -23.630248),-23.629877481430164,-46.71772325520855,1
node,11809589930,Mc Donalds,McDonald's,,,,,,,POINT (-46.5939182 -23.5795696),-23.57991676073145,-46.59365568919992,1
node,12732034241,MCDONALD'S,McDonald's,,,,,,,POINT (-46.5483412 -23.6018268),-23.60172785541554,-46.54835259429198,1
node,12849695500,MCDONALD'S,McDonald's,,,,,,,POINT (-46.6187242 -23.5371165),-23.536687401383734,-46.61834547812218,1
node,12911126272,MCDONALDS,McDonald's,,,,,,,POINT (-46.6241362 -23.5217588),-23.522019347689664,-46.62439532840755,1
node,12950445773,MCDONALD'S,McDonald's,,,,,,,POINT (-46.6988346 -23.6780168),-23.678431146547933,-46.69884860953668,1
node,12950445778,MCDONALD'S,McDonald's,,,,,,,POINT (-46.6957372 -23.5724799),-23.572001915506323,-46.695704493830476,1
node,12986820698,Mc Donalds,McDonald's,,,,,,,POINT (-46.6101982 -23.4788203),-23.479191908535498,-46.610222917621904,1
node,13141297304,Mc Donalds,McDonald's,,,,,,,POINT (-46.6756897 -23.5152326),-23.51546754337106,-46.67531726695891,1
node,13568554139,McDonald's,McDonald's,Ladeira Porto Geral,,São Paulo,01022-000,,,POINT (-46.6332963 -23.5446779),-23.54421353709399,-46.632867386506994,1
node,13633992534,Mc Donalds,McDonald's,,,,,,,POINT (-46.7707745 -23.6660309),-23.66581795102718,-46.770875507700005,1
relation,15937762,MCDONALDS,McDonald's,Avenida Águia de Haia,3582,São Paulo,,,,"POLYGON ((-46.4765743 -23.5144465, -46.4761244 -23.5143905, -46.476089 -23.5143852, -46.4760569 -23.5146578, -46.4760794 -23.5146989, -46.4765018 -23.5147501, -46.4765358 -23.5147311, -46.4765485 -23.5146374, -46.4765578 -23.5145687, -46.4765671 -23.5144999, -46.4765743 -23.5144465))",-23.5146312810199,-46.47629468909298,1
relation,17093983,MCDONALD'S,McDonald's,Avenida Mutinga,,São Paulo,,,,"POLYGON ((-46.7386398 -23.4862717, -46.738675 -23.4862612, -46.738659 -23.4860635, -46.7386485 -23.485934, -46.7383928 -23.4859303, -46.738098 -23.4859261, -46.7380502 -23.4864483, -46.7382977 -23.4863741, -46.7386398 -23.4862717))",-23.486401898002224,-46.7387825333958,1
relation,17767373,MCDONALD'S,McDonald's,Rua Maria Amália Lopes Azevedo,1138,São Paulo,,,,"POLYGON ((-46.6150486 -23.4585468, -46.6150063 -23.4583394, -46.6149917 -23.4583212, -46.6149679 -23.4583066, -46.6149494 -23.4583066, -46.6144574 -23.4583236, -46.6145165 -23.4587539, -46.6147152 -23.458733, -46.6146959 -23.4586118, -46.6146926 -23.4585883, -46.615004 -23.458551, -46.6150486 -23.4585468))",-23.45839666592922,-46.61498944324852,1
way,34379305,Mc Donalds,McDonald's,Avenida Vital Brasil,1256,São Paulo,05503-000,,,"POLYGON ((-46.7152313 -23.568928, -46.7151348 -23.5686961, -46.715039 -23.5687273, -46.7151289 -23.5689652, -46.7151692 -23.5689543, -46.7151752 -23.5689765, -46.7151941 -23.5689704, -46.7152229 -23.5689612, -46.7152092 -23.5689431, -46.7152313 -23.568928))",-23.569329756468584,-46.714929080840115,1
way,125998728,MCDONALD'S,McDonald's,,,,,,,"POLYGON ((-46.6502638 -23.6020602, -46.6502749 -23.6022382, -46.6502563 -23.6022401, -46.650268 -23.6023346, -46.6502642 -23.602335, -46.6502679 -23.6023649, -46.6503016 -23.6023614, -46.6503031 -23.6023736, -46.6503375 -23.6023699, -46.6503409 -23.6023975, -46.6504102 -23.6023903, -46.6504056 -23.6023535, -46.6504356 -23.6023504, -46.6504231 -23.6022499, -46.6504362 -23.6022485, -46.650431 -23.6022069, -46.6504208 -23.602208, -46.6504092 -23.602114, -46.6503699 -23.6021181, -46.6503614 -23.6020499, -46.6502638 -23.6020602))",-23.602500549558158,-46.649937507742436,1
way,183798231,MCDONALDS,McDonald's,,,,,,,"POLYGON ((-46.6378059 -23.5827572, -46.6377623 -23.5828239, -46.6379889 -23.5829426, -46.6380247 -23.5828734, -46.6380581 -23.5828086, -46.637847 -23.5826942, -46.6378059 -23.5827572))",-23.58324694591976,-46.63817527077545,1
way,184097428,McDonald's,McDonald's,Avenida do Cursino,,São Paulo,,,,"POLYGON ((-46.6206257 -23.6223072, -46.6205999 -23.6223907, -46.6208119 -23.6224458, -46.6208377 -23.6223623, -46.6206257 -23.6223072))",-23.62266226319263,-46.62108648815128,1
way,185807013,McDonald's,McDonald's,Rua Catulo da Paixão Cearense,717,São Paulo,,,,"POLYGON ((-46.6275351 -23.6139958, -46.627502 -23.6143091, -46.6276855 -23.6143256, -46.6276968 -23.6142186, -46.627799 -23.6142278, -46.6278088 -23.6141346, -46.6278313 -23.6141366, -46.6278395 -23.6140601, -46.62776 -23.614053, -46.6277573 -23.6140782, -46.6277217 -23.6140751, -46.6277282 -23.6140131, -46.6275351 -23.6139958))",-23.614411700363586,-46.627674579951055,1
way,244246052,McDonald's,McDonald's,Avenida Professor Luiz Ignácio Anhaia Mello,2230,São Paulo,03154-100,,,"POLYGON ((-46.5721661 -23.5834024, -46.5721664 -23.5833834, -46.5722066 -23.5833841, -46.5722111 -23.5831453, -46.5720612 -23.5831429, -46.57206 -23.58321, -46.5720407 -23.5832097, -46.5720388 -23.583311, -46.5720473 -23.5833111, -46.572046 -23.5833813, -46.5721147 -23.5833824, -46.5721142 -23.5834015, -46.5721661 -23.5834024))",-23.58357768235134,-46.572531414862915,1
way,349199082,McDonald's,McDonald's,Avenida Nazaré,1664,São Paulo,04262-200,,,"POLYGON ((-46.6100979 -23.5988651, -46.6098365 -23.5988424, -46.6098271 -23.5989351, -46.6098943 -23.598941, -46.6098933 -23.5989499, -46.6099128 -23.5989516, -46.6099114 -23.5989654, -46.6100385 -23.5989763, -46.6100399 -23.5989622, -46.6100546 -23.5989634, -46.6100583 -23.598927, -46.6100982 -23.5989305, -46.6101001 -23.5989116, -46.6100932 -23.598911, -46.6100979 -23.5988651))",-23.599051454704007,-46.610049672320265,1
way,372057023,MCDONALD'S,McDonald's,Avenida Presidente Castelo Branco,,,,,,"POLYGON ((-46.6069862 -23.5240479, -46.6069824 -23.5240628, -46.6069402 -23.5242292, -46.6069983 -23.5242416, -46.6069898 -23.524275, -46.6070321 -23.524284, -46.607041 -23.5242489, -46.6071084 -23.5242632, -46.6071539 -23.5240837, -46.6069862 -23.5240479))",-23.523987446898506,-46.60656136715113,1
way,375788676,MCDONALD'S,McDonald's,Avenida Doutor Gastão Vidigal,,São Paulo,,,,"POLYGON ((-46.7335559 -23.534372, -46.7334662 -23.5344744, -46.7334533 -23.5344648, -46.7333747 -23.5345546, -46.7334826 -23.5346349, -46.7335627 -23.5345433, -46.7335516 -23.534535, -46.7336061 -23.5344728, -46.7336164 -23.5344804, -46.7336279 -23.5344673, -46.7335875 -23.5344372, -46.7336217 -23.5343981, -46.7336063 -23.5343866, -46.7335942 -23.5344005, -46.7335559 -23.534372))",-23.534945837205708,-46.733277252777725,1
way,377208356,MCDONALD'S,McDonald's,Avenida Moreira Guimarães,827,São Paulo,,,,"POLYGON ((-46.6578934 -23.6135636, -46.6578871 -23.6135686, -46.6578524 -23.6135963, -46.6578052 -23.613634, -46.6579912 -23.6138271, -46.6580821 -23.6137596, -46.6578934 -23.6135636))",-23.613947318948604,-46.65825286193609,1
way,377530841,McDonald's,McDonald's,Avenida Luís Stamatis,129,São Paulo,02260-000,,,"POLYGON ((-46.5838934 -23.4673376, -46.5838353 -23.4673482, -46.5838333 -23.4673387, -46.5837227 -23.4673587, -46.5837291 -23.4673886, -46.5836698 -23.4673994, -46.5836927 -23.4675057, -46.5837642 -23.4674927, -46.5837673 -23.4675072, -46.5839238 -23.4674788, -46.5838934 -23.4673376))",-23.467785328615584,-46.58411654460751,1
way,377622390,McDonald's,McDonald's,,,,,,,"POLYGON ((-46.6917295 -23.6551805, -46.6917177 -23.6551961, -46.6917935 -23.6552422, -46.6917412 -23.6553159, -46.6916619 -23.6552715, -46.6914923 -23.6551658, -46.69156 -23.6550748, -46.6917295 -23.6551805))",-23.655445573927196,-46.6912189673784,1
way,377996374,McDonald's,McDonald's,Avenida Aricanduva,,São Paulo,,,,"POLYGON ((-46.5108691 -23.5624896, -46.5108437 -23.5624665, -46.5108608 -23.5624506, -46.5107627 -23.5623613, -46.5107527 -23.5623713, -46.5106752 -23.5624491, -46.5106501 -23.5624742, -46.5107173 -23.5625354, -46.5108221 -23.5626309, -46.5108534 -23.5626016, -46.5108691 -23.5626159, -46.5108839 -23.5626293, -46.5108966 -23.5626175, -46.5109193 -23.5626382, -46.5109465 -23.5626128, -46.5109206 -23.5625893, -46.5109492 -23.5625626, -46.5108691 -23.5624896))",-23.56220036652105,-46.51044530611849,1
way,378471060,MCDONALD'S,McDonald's,Avenida Doutor Ricardo Jafet,,,,,,"POLYGON ((-46.6176402 -23.5847114, -46.617511 -23.584809, -46.6175192 -23.5848182, -46.6175061 -23.5848269, -46.6175034 -23.5848534, -46.6175652 -23.5849224, -46.6175942 -23.5849262, -46.6176836 -23.5848585, -46.6177016 -23.5848788, -46.6177488 -23.5848422, -46.6177296 -23.5848243, -46.6177379 -23.5848181, -46.6176402 -23.5847114))",-23.585274419076967,-46.61711875476184,1
way,381602136,MCDONALD'S,McDonald's,Praça Panamericana,,,,,,"POLYGON ((-46.7075784 -23.5533651, -46.7075073 -23.5534841, -46.7075277 -23.5534941, -46.7075018 -23.5535399, -46.7076062 -23.5535895, -46.7076348 -23.5535354, -46.7076831 -23.5535557, -46.7077464 -23.5534358, -46.7075784 -23.5533651))",-23.553007854977295,-46.707189618640435,1
way,406706669,Mc Donalds,McDonald's,Avenida Paulista,1811,São Paulo,01311-200,,,"POLYGON ((-46.6579883 -23.5603643, -46.6579836 -23.5603694, -46.6579793 -23.5603748, -46.6579758 -23.5603806, -46.6579731 -23.5603867, -46.6579724 -23.5603887, -46.6579774 -23.5603936, -46.6579724 -23.5603982, -46.6579409 -23.5604259, -46.6579445 -23.5604307, -46.6580648 -23.5605469, -46.6580622 -23.5605515, -46.6580649 -23.5605563, -46.6580899 -23.5605805, -46.658095 -23.5605796, -46.6582142 -23.5604747, -46.6582188 -23.5604697, -46.6582205 -23.5604632, -46.6582205 -23.5604566, -46.6582189 -23.5604501, -46.6582157 -23.5604441, -46.658211 -23.5604389, -46.6581611 -23.5603904, -46.6581584 -23.5603852, -46.6581603 -23.5603787, -46.6581605 -23.560372, -46.6581591 -23.5603655, -46.6581562 -23.5603594, -46.6581518 -23.5603541, -46.6581462 -23.5603498, -46.6581398 -23.5603468, -46.6581327 -23.5603452, -46.6581255 -23.5603451, -46.6581184 -23.5603465, -46.6581119 -23.5603494, -46.6581062 -23.5603535, -46.6581012 -23.5603531, -46.6580971 -23.560348, -46.6580964 -23.5603414, -46.658093 -23.5603355, -46.6580874 -23.5603313, -46.6580805 -23.5603295, -46.6580751 -23.5603283, -46.6580629 -23.5603165, -46.6580268 -23.5603482, -46.6580204 -23.5603502, -46.6580134 -23.5603516, -46.6580067 -23.5603537, -46.6580002 -23.5603567, -46.6579941 -23.5603603, -46.6579883 -23.5603643))",-23.56077599038909,-46.65809927878247,1
way,428749183,Mc Donalds,McDonald's,Rua Domingos de Morais,1954,São Paulo,04036-000,,,"POLYGON ((-46.6368843 -23.5933042, -46.6368848 -23.593325, -46.6368609 -23.5933254, -46.6368629 -23.5934336, -46.6368853 -23.5934333, -46.6368858 -23.5934631, -46.6370399 -23.5934606, -46.6370391 -23.5934154, -46.6370806 -23.5934148, -46.6370803 -23.5933955, -46.6371156 -23.593395, -46.637115 -23.593362, -46.6370798 -23.5933626, -46.6370791 -23.5933221, -46.6370376 -23.5933228, -46.6370373 -23.5933019, -46.6368843 -23.5933042))",-23.593015826726834,-46.636569110303576,1
way,429906443,Mc Donalds,McDonald's,Avenida Engenheiro Armando de Arruda Pereira,1065,São Paulo,,,,"POLYGON ((-46.6410239 -23.6366253, -46.6406355 -23.6367426, -46.6406458 -23.6367518, -46.6406698 -23.6368207, -46.6406739 -23.6368201, -46.6410275 -23.6367661, -46.6410239 -23.6366253))",-23.636855014547745,-46.640370063928636,1
way,431413727,MCDONALDS,McDonald's,Avenida da Liberdade,774,São Paulo,01502-001,,,"POLYGON ((-46.6380858 -23.5592924, -46.6380518 -23.5592579, -46.6380125 -23.5592189, -46.6379736 -23.5592434, -46.6379606 -23.5592194, -46.6378264 -23.5593151, -46.637817 -23.559367, -46.63785 -23.5594189, -46.6379922 -23.5593432, -46.6380858 -23.5592924))",-23.55888553567169,-46.63765259626576,1
way,431464242,MCDONALDS,McDonald's,Avenida da Aclimação,879,São Paulo,,,,"POLYGON ((-46.631397 -23.5730765, -46.6313289 -23.5730833, -46.6313305 -23.5730977, -46.6313133 -23.5730994, -46.6313306 -23.5732557, -46.6314034 -23.573248, -46.6314708 -23.5732427, -46.6314524 -23.5730863, -46.6314389 -23.5730876, -46.6314372 -23.5730725, -46.631397 -23.5730765))",-23.57324201128523,-46.63093393563209,1
way,451759431,McDonald's,McDonald's,Rua Maria Cândida,,São Paulo,02071-013,,,"POLYGON ((-46.5992121 -23.5078686, -46.5992478 -23.5078557, -46.5992622 -23.5078897, -46.5992817 -23.5078836, -46.5992936 -23.5079132, -46.5993313 -23.5079003, -46.5993196 -23.5078701, -46.5993578 -23.5078567, -46.5993047 -23.5077284, -46.5993262 -23.5077212, -46.5992768 -23.5076053, -46.5992076 -23.5076298, -46.5991879 -23.5075825, -46.5991242 -23.5076045, -46.599144 -23.5076532, -46.5991234 -23.5076604, -46.5992121 -23.5078686))",-23.508085689091704,-46.59944350205036,1
way,463064393,MCDONALD'S,McDonald's,Avenida Condessa Elisabeth de Robiano,,,,,,"POLYGON ((-46.5553583 -23.5138618, -46.5553687 -23.5138874, -46.5553217 -23.5139035, -46.5553459 -23.5139619, -46.5553319 -23.5139665, -46.555379 -23.5140976, -46.5553845 -23.514113, -46.5553924 -23.5141107, -46.5554099 -23.5141587, -46.5555211 -23.5141234, -46.5555023 -23.5140729, -46.5555276 -23.5140648, -46.5555089 -23.5140135, -46.5555191 -23.5140109, -46.5555134 -23.5139902, -46.5555099 -23.5139915, -46.5554889 -23.5139443, -46.5554948 -23.5139414, -46.5554839 -23.513913, -46.5554575 -23.5139212, -46.5554369 -23.5138652, -46.555397 -23.5138797, -46.5553851 -23.513852, -46.5553583 -23.5138618))",-23.513928169913076,-46.55538461910378,1
way,466018976,MCDONALDS,McDonald's,Avenida Paes de Barros,2880,São Paulo,03149-000,,,"POLYGON ((-46.5875349 -23.5758865, -46.5875297 -23.5758885, -46.5875287 -23.5758892, -46.5874681 -23.5759284, -46.5874622 -23.5759322, -46.5874599 -23.5759347, -46.5874678 -23.5759452, -46.5874633 -23.5759491, -46.5874585 -23.5759541, -46.5874546 -23.5759597, -46.5874516 -23.5759658, -46.5874497 -23.5759722, -46.5874489 -23.5759788, -46.5874492 -23.5759854, -46.5874506 -23.5759919, -46.5874531 -23.5759981, -46.5874565 -23.5760038, -46.5874609 -23.576009, -46.5874557 -23.5760135, -46.5874507 -23.5760183, -46.5874467 -23.5760239, -46.5874438 -23.57603, -46.5874421 -23.5760365, -46.5874415 -23.5760432, -46.5874422 -23.5760498, -46.5874442 -23.5760563, -46.5874472 -23.5760623, -46.5874513 -23.5760678, -46.5874564 -23.5760726, -46.5874623 -23.5760765, -46.5874688 -23.5760794, -46.5874757 -23.5760813, -46.5874829 -23.5760821, -46.5874901 -23.5760818, -46.5874972 -23.5760803, -46.5875037 -23.5760775, -46.5875441 -23.5760508, -46.5875489 -23.5760527, -46.5875824 -23.5760945, -46.5875866 -23.5760994, -46.5876515 -23.5760564, -46.5876552 -23.5760522, -46.5876269 -23.5760147, -46.5876273 -23.57601, -46.5876929 -23.5759683, -46.5876413 -23.5759006, -46.5876354 -23.575898, -46.5875349 -23.5758865))",-23.57642948543577,-46.58747355393903,1
way,466030614,Mc Donalds,McDonald's,Avenida Alcântara Machado,,,,,,"POLYGON ((-46.6046389 -23.5495343, -46.6046298 -23.5495451, -46.6046169 -23.5495359, -46.6045389 -23.5496294, -46.6045505 -23.5496376, -46.6045404 -23.5496498, -46.6045729 -23.5496729, -46.6045493 -23.5497012, -46.6045645 -23.549712, -46.6045703 -23.549705, -46.6046105 -23.5497335, -46.6046392 -23.5496992, -46.6046515 -23.5497078, -46.6047281 -23.549616, -46.6047137 -23.5496058, -46.6047234 -23.5495942, -46.6046389 -23.5495343))",-23.550073573716855,-46.60462109819366,1
way,466030618,Sorvete Mc Donalds,McDonald's,,,,,,,"POLYGON ((-46.6049408 -23.5495956, -46.6049273 -23.5496161, -46.60495 -23.5496289, -46.6049635 -23.5496084, -46.6049408 -23.5495956))",-23.550043728667298,-46.605377439136625,1
way,473171556,Mc Donalds,McDonald's,,,,,,,"POLYGON ((-46.4148629 -23.4940303, -46.4148699 -23.4938748, -46.4148416 -23.4938518, -46.414706 -23.4938582, -46.4147512 -23.4941986, -46.4148419 -23.4941071, -46.4148629 -23.4940303))",-23.494088847732137,-46.41434871839486,1
way,485377612,Mc Donalds,McDonald's,,,,,,,"POLYGON ((-46.6916282 -23.6323604, -46.6915502 -23.6322451, -46.6913142 -23.632379, -46.6913922 -23.6324943, -46.6916282 -23.6323604))",-23.632290780942494,-46.6919314583377,1
way,490183403,MCDONALD'S,McDonald's,Avenida Jaguaré,100,São Paulo,05346-000,,,"POLYGON ((-46.7452072 -23.5574438, -46.7454479 -23.5575689, -46.7453939 -23.5576563, -46.7451532 -23.5575312, -46.7452072 -23.5574438))",-23.557630825084665,-46.74521687771071,1
way,500971984,MCDONALDS,McDonald's,Avenida Giovanni Gronchi,4266,,,,,"POLYGON ((-46.7321651 -23.617126, -46.7318823 -23.6172578, -46.7319396 -23.6173612, -46.7320281 -23.6173199, -46.7320359 -23.617334, -46.7321673 -23.6172727, -46.7321644 -23.6172675, -46.7322279 -23.6172379, -46.7322074 -23.617201, -46.7322289 -23.617191, -46.7322202 -23.6171754, -46.7321982 -23.6171857, -46.7321651 -23.617126))",-23.616811399467323,-46.73235499125522,1
way,509709633,MCDONALDS,McDonald's,Avenida Maria Luiza Americano,42,São Paulo,08275-001,,,"POLYGON ((-46.4813223 -23.5788216, -46.4814196 -23.5788218, -46.48142 -23.5786615, -46.4813227 -23.5786613, -46.4813223 -23.5788216))",-23.579002864047386,-46.48147536415321,1
way,520081863,MCDONALDS,McDonald's,Rua Cerro Corá,973,São Paulo,,,,"POLYGON ((-46.7062613 -23.5392037, -46.7061994 -23.539271, -46.7062148 -23.5392831, -46.7062047 -23.539294, -46.7063008 -23.5393691, -46.7063113 -23.5393576, -46.7063218 -23.5393659, -46.7063573 -23.5393273, -46.7063753 -23.5393414, -46.706389 -23.5393264, -46.7064185 -23.5392944, -46.7064019 -23.5392814, -46.7064065 -23.5392764, -46.7063902 -23.5392636, -46.7063983 -23.5392549, -46.7063824 -23.5392425, -46.7063712 -23.5392546, -46.7062938 -23.5391941, -46.7062882 -23.5392002, -46.7062744 -23.5391894, -46.7062613 -23.5392037))",-23.53932442777959,-46.705875724553565,1
way,520830534,MCDONALD'S,McDonald's,Avenida Marquês de São Vicente,319,São Paulo,01139-001,,https://www.mcdonalds.com.br/,"POLYGON ((-46.6631687 -23.5227105, -46.6631516 -23.5226149, -46.6630923 -23.5222931, -46.6630238 -23.5222641, -46.6629592 -23.5222738, -46.6628959 -23.5222833, -46.662833 -23.5222928, -46.6627702 -23.5223022, -46.6628609 -23.5227621, -46.6631157 -23.5227194, -46.6631537 -23.522713, -46.6631616 -23.5227117, -46.6631687 -23.5227105))",-23.52299935459011,-46.6628489700377,1
way,520834260,MCDONALD'S,McDonald's,,,,,,,"POLYGON ((-46.6816198 -23.5257951, -46.6814764 -23.5258812, -46.6815292 -23.5259551, -46.6815161 -23.525963, -46.6815924 -23.5260698, -46.681606 -23.5260617, -46.6816523 -23.5261264, -46.6817952 -23.5260405, -46.6816198 -23.5257951))",-23.526389487728267,-46.68191977988861,1
way,521398695,Livraria da Vila,McDonald's,Avenida Moema,493,São Paulo,04077-022,+55 11 50523540,https://www.livrariadavila.com.br/,"POLYGON ((-46.6563602 -23.6059902, -46.6564448 -23.6060811, -46.6564521 -23.6060754, -46.6564871 -23.6061129, -46.6565465 -23.6060658, -46.6564493 -23.6059615, -46.6564442 -23.6059656, -46.6564218 -23.6059414, -46.6563602 -23.6059902))",-23.606394422688773,-46.65660418158043,1
way,521412312,MCDONALD'S,McDonald's,,,,,,,"POLYGON ((-46.6572485 -23.576149, -46.6571615 -23.5762362, -46.6571738 -23.576246, -46.6571027 -23.5763141, -46.6571289 -23.5763367, -46.6571081 -23.5763605, -46.6571086 -23.576365, -46.6571111 -23.5763686, -46.6571195 -23.5763757, -46.6571236 -23.5763715, -46.6571603 -23.5764069, -46.6572518 -23.5763168, -46.6572647 -23.5763271, -46.6573534 -23.5762395, -46.6572485 -23.576149))",-23.575895856978565,-46.65735146206581,1
way,527216791,Mc Donalds,McDonald's,,,,,,,"POLYGON ((-46.6583399 -23.6523589, -46.6581964 -23.6525162, -46.6580999 -23.6524437, -46.6582487 -23.6522889, -46.6583399 -23.6523589))",-23.652464325363752,-46.65817738284566,1
way,527217624,MCDONALDS,McDonald's,Avenida Conde de Frontin,2200,São Paulo,,,,"POLYGON ((-46.5361612 -23.5326726, -46.5361562 -23.5326926, -46.5361436 -23.53269, -46.5361415 -23.5326986, -46.5361045 -23.5326907, -46.5360983 -23.5327154, -46.5360663 -23.5327082, -46.5360174 -23.5329163, -46.5360152 -23.5329252, -46.5360522 -23.532933, -46.5360428 -23.5329706, -46.536063 -23.5329749, -46.5360547 -23.5330084, -46.5360969 -23.5330173, -46.5361052 -23.5329838, -46.5361454 -23.5329923, -46.536179 -23.5328571, -46.536199 -23.5328613, -46.5362286 -23.5327426, -46.5362077 -23.5327382, -46.5362209 -23.5326852, -46.5361612 -23.5326726))",-23.532722039227504,-46.5356330087458,1
way,531288642,MCDONALD'S,McDonald's,,,,,,,"POLYGON ((-46.6727779 -23.4785623, -46.6726794 -23.4786075, -46.6726899 -23.4786289, -46.6726325 -23.4786677, -46.6726658 -23.4787322, -46.6728888 -23.4786131, -46.672866 -23.4785378, -46.6727948 -23.4785712, -46.6727779 -23.4785623))",-23.478463084894614,-46.67270553970006,1
way,543839755,MCDONALD'S,McDonald's,Avenida Imirim,3069,São Paulo,,,,"POLYGON ((-46.6562165 -23.4808294, -46.6564856 -23.4809663, -46.6564733 -23.4809858, -46.6563993 -23.4811028, -46.6563335 -23.4812067, -46.6562902 -23.4812751, -46.6562601 -23.4813227, -46.6561157 -23.4812429, -46.6560014 -23.4811725, -46.6560307 -23.4811264, -46.656077 -23.4810533, -46.6560817 -23.4810459, -46.6561215 -23.4809805, -46.6561286 -23.4809689, -46.6562051 -23.4808431, -46.6562165 -23.4808294))",-23.480634495449348,-46.656607133375594,1
way,580895426,MCDONALD'S,McDonald's,Avenida Sapopemba,8671,São Paulo,03989-000,,,"POLYGON ((-46.5172052 -23.5986312, -46.5172243 -23.598761, -46.5173135 -23.5987499, -46.5173113 -23.5987344, -46.5174311 -23.5987195, -46.5174262 -23.5986858, -46.5174611 -23.5986814, -46.5174661 -23.5986754, -46.5174779 -23.5986739, -46.5174755 -23.5986575, -46.5174443 -23.5986614, -46.5174382 -23.5986198, -46.5172963 -23.5986375, -46.5172937 -23.5986201, -46.5172052 -23.5986312))",-23.5982927259507,-46.51707940423022,1
way,615957965,Mc Donalds,McDonald's,,,,,,,"POLYGON ((-46.5803549 -23.4086245, -46.5802329 -23.4086546, -46.5802892 -23.4088471, -46.580313 -23.4088412, -46.5803236 -23.4088777, -46.5804219 -23.4088534, -46.5803549 -23.4086245))",-23.408978206112376,-46.58022323336363,1
way,618148590,MCDONALDS,McDonald's,,,,,,,"POLYGON ((-46.639277 -23.5039166, -46.639223 -23.5038902, -46.6391745 -23.5038664, -46.63914 -23.5039195, -46.6391367 -23.5039166, -46.6390921 -23.5039858, -46.6390764 -23.5039764, -46.6390204 -23.5040638, -46.6390268 -23.5040687, -46.6389961 -23.5041148, -46.639059 -23.5041508, -46.6390508 -23.5041635, -46.6390824 -23.5041815, -46.6390903 -23.5041686, -46.6391293 -23.5041902, -46.6392614 -23.503986, -46.6392404 -23.5039741, -46.639277 -23.5039166))",-23.504328316682425,-46.63900597596051,1
way,618440554,MCDONALDS,McDonald's,Rua Professor Valério Giuli,104,São Paulo,02416-000,,,"POLYGON ((-46.6317504 -23.4821175, -46.631741 -23.4821486, -46.6316967 -23.4821372, -46.6316793 -23.4821946, -46.6316654 -23.482191, -46.6316204 -23.4823396, -46.6316352 -23.4823434, -46.6316174 -23.4824022, -46.6317354 -23.4824326, -46.6317534 -23.4823732, -46.6317681 -23.4823771, -46.6317835 -23.4823261, -46.6317938 -23.4823288, -46.6318237 -23.4822299, -46.6317966 -23.482223, -46.6318139 -23.4821657, -46.6317709 -23.4821546, -46.6317799 -23.4821252, -46.6317504 -23.4821175))",-23.482275558946583,-46.631968659574255,1
way,619055861,MCDONALD'S,McDonald's,Avenida Senador Teotônio Vilela,3347,São Paulo,04801-010,,https://www.mcdonalds.com.br/,"POLYGON ((-46.6978724 -23.7302073, -46.6980315 -23.7302756, -46.698073 -23.7301937, -46.6979139 -23.7301254, -46.6978724 -23.7302073))",-23.730608201532284,-46.69804912422745,1
way,619988208,MCDONALDS,McDonald's,,,,,,,"POLYGON ((-46.7706757 -23.6660554, -46.7706967 -23.6660799, -46.7706642 -23.6660918, -46.7707246 -23.6661587, -46.7709165 -23.6660011, -46.7708308 -23.6659164, -46.7706757 -23.6660554))",-23.666492095515792,-46.77095219344298,1
way,621026783,Mc Donalds,McDonald's,Avenida Júlio Buono,,,,,,"POLYGON ((-46.5837698 -23.4791013, -46.5837525 -23.4791268, -46.5837371 -23.4791184, -46.583668 -23.4792197, -46.5836799 -23.479227, -46.583626 -23.4793029, -46.5836586 -23.4793214, -46.5836268 -23.4793645, -46.5836467 -23.4793757, -46.5836575 -23.4793594, -46.5836978 -23.4793834, -46.5837716 -23.4792823, -46.5837843 -23.4792897, -46.5838551 -23.479191, -46.5838424 -23.4791843, -46.5838617 -23.4791564, -46.5837698 -23.4791013))",-23.479099423151,-46.58397792149234,1
way,714038136,McDonald's,McDonald's,,,,,,,"POLYGON ((-46.6150364 -23.5015037, -46.6149877 -23.501498, -46.6149851 -23.5015167, -46.6149638 -23.5015144, -46.6149428 -23.5016573, -46.6149806 -23.501661, -46.6149757 -23.5017003, -46.6150364 -23.5017068, -46.6150768 -23.5017111, -46.6150813 -23.5016754, -46.6151052 -23.5016777, -46.6151234 -23.5015355, -46.6151021 -23.5015334, -46.615105 -23.5015118, -46.6150364 -23.5015037))",-23.501549846259962,-46.6151062861908,1
way,715131205,MCDONALD'S,McDonald's,Rua Serra de Bragança,381,São Paulo,03318-000,,,"POLYGON ((-46.5714592 -23.5452198, -46.5714348 -23.5453234, -46.5713831 -23.5453114, -46.5713531 -23.5454463, -46.5713585 -23.5454473, -46.5715554 -23.5454852, -46.571598 -23.5453035, -46.5715881 -23.545302, -46.5716008 -23.5452465, -46.5714592 -23.5452198))",-23.54574663754441,-46.57104257961798,1
way,727276294,Mc Donalds,McDonald's,Avenida Eliseu de Almeida,,,,,,"POLYGON ((-46.7336818 -23.5887459, -46.7336424 -23.5888235, -46.7336007 -23.5888062, -46.7335844 -23.5888301, -46.7333935 -23.5887541, -46.7334492 -23.5886541, -46.7336818 -23.5887459))",-23.588701522155084,-46.733200423841105,1
way,732209894,Mc Donalds,McDonald's,Rua Funchal,500,São Paulo,04551-060,,,"POLYGON ((-46.6905775 -23.5949308, -46.6907029 -23.5948737, -46.6906115 -23.5946846, -46.6904759 -23.5947413, -46.6905775 -23.5949308))",-23.594876924021925,-46.69104938934525,1
way,740690254,MCDONALDS,McDonald's,,,,,,,"POLYGON ((-46.6722637 -23.6440201, -46.6722745 -23.6438014, -46.6722212 -23.6437917, -46.6720895 -23.6437533, -46.6720218 -23.6437308, -46.6719571 -23.6437449, -46.6717677 -23.6438804, -46.671743 -23.6439213, -46.6717492 -23.6439594, -46.6717923 -23.6439933, -46.6719918 -23.6440357, -46.672123 -23.644074, -46.6721982 -23.6440473, -46.6722637 -23.6440201))",-23.643506414106202,-46.67173980516983,1
way,756311929,MCDONALD'S,McDonald's,Rodovia Raposo Tavares (local),,,,,,"POLYGON ((-46.7941457 -23.5878931, -46.7940406 -23.5880113, -46.7939848 -23.5879792, -46.7940813 -23.5878489, -46.7941457 -23.5878931))",-23.58753199390143,-46.79435454580672,1
way,762725640,Mc Donalds,McDonald's,,,,,,,"POLYGON ((-46.7075343 -23.7447316, -46.707567 -23.744875, -46.707323 -23.7449216, -46.7072903 -23.7447782, -46.7075343 -23.7447316))",-23.744659666589367,-46.70757497136538,1
way,764308008,McDonald's,McDonald's,,,,,,,"POLYGON ((-46.6811241 -23.6206616, -46.6812421 -23.6207796, -46.6812314 -23.6208017, -46.6810061 -23.6209565, -46.6809337 -23.6208656, -46.6811161 -23.6207255, -46.6810758 -23.6206813, -46.6811241 -23.6206616))",-23.620341894816224,-46.68084146670742,1
way,765975918,Mc Donalds,McDonald's,,,,,,,"POLYGON ((-46.4725045 -23.5397629, -46.4724722 -23.5398278, -46.4724558 -23.5398213, -46.4724071 -23.5399252, -46.4722815 -23.5398773, -46.4723611 -23.5397062, -46.4725045 -23.5397629))",-23.53945018781597,-46.471912605914255,1
way,882079788,Mc Donalds,McDonald's,,,,,,,"POLYGON ((-46.692722 -23.4970901, -46.6926234 -23.4968273, -46.6924878 -23.4968612, -46.6925957 -23.4971325, -46.692722 -23.4970901))",-23.496595560211325,-46.693081671829276,1
way,887514350,MCDONALDS,McDonald's,Rua Voluntários da Pátria,2273,São Paulo,02011-600,,,"POLYGON ((-46.6261775 -23.500117, -46.6261631 -23.500191, -46.626099 -23.5001955, -46.6260922 -23.5001281, -46.6258687 -23.5001773, -46.6258738 -23.5002004, -46.6258819 -23.5002376, -46.6258877 -23.5002639, -46.6259099 -23.5002881, -46.6259206 -23.5002876, -46.6261805 -23.5002743, -46.6261794 -23.5002194, -46.6261775 -23.500117))",-23.499936156862056,-46.62611303279542,1
way,897093135,Mc Donalds,McDonald's,,,,,,,"POLYGON ((-46.631741 -23.4826038, -46.6317485 -23.482577, -46.6316938 -23.4825663, -46.6316871 -23.4825925, -46.631741 -23.4826038))",-23.482818094634826,-46.63143035552437,1
way,921546899,MCDONALD'S,McDonald's,Avenida Regente Feijó,1644,São Paulo,03342-000,,,"POLYGON ((-46.5616876 -23.5623909, -46.56158 -23.5624443, -46.5616902 -23.5626307, -46.5617977 -23.5625773, -46.5616876 -23.5623909))",-23.5626282480273,-46.56215014194787,1
way,1013332958,McDonald's,McDonald's,Avenida Senador Teotônio Vilela,7908,São Paulo,04864-002,,,"POLYGON ((-46.7169834 -23.7647856, -46.717096 -23.7648942, -46.7170772 -23.7649106, -46.7170927 -23.7649476, -46.7170731 -23.7649545, -46.7170767 -23.7649631, -46.717002 -23.7649894, -46.7169985 -23.7649811, -46.7169531 -23.7649971, -46.7168794 -23.7648223, -46.7169834 -23.7647856))",-23.765169605099324,-46.71667135197431,1
way,1030144858,McDonald's,McDonald's,,,,,,,"POLYGON ((-46.61511 -23.5014798, -46.6150832 -23.5014768, -46.6150889 -23.5014287, -46.6151167 -23.5014354, -46.61511 -23.5014798))",-23.50160528022092,-46.614779022042065,1
way,1047427085,Mc Donalds,McDonald's,Rua Serra de Botucatu,2001,São Paulo,03317-001,,,"POLYGON ((-46.5515913 -23.5404552, -46.5515404 -23.5403695, -46.5513734 -23.5404465, -46.5513887 -23.5404723, -46.551512 -23.5404946, -46.5515913 -23.5404552))",-23.540717991052883,-46.55133156736886,1
way,1050645398,McDonald's,McDonald's,Avenida das Nações Unidas,22178,São Paulo,04696-005,,,"POLYGON ((-46.7001085 -23.6752075, -46.7000825 -23.6751918, -46.7000508 -23.6751726, -46.6999862 -23.6752413, -46.7000355 -23.675277, -46.700117 -23.6753363, -46.7002429 -23.6754209, -46.7003522 -23.6752944, -46.7003723 -23.6753073, -46.7004421 -23.6752275, -46.7002181 -23.6750623, -46.7001085 -23.6752075))",-23.675415224071113,-46.699857867437814,1
way,1095473451,MCDONALDS,McDonald's,Avenida Ibirapuera,2645,São Paulo,04029-200,,,"POLYGON ((-46.6646763 -23.606955, -46.6648998 -23.6067751, -46.6649682 -23.606719, -46.6648764 -23.6066196, -46.6648563 -23.6065978, -46.6648239 -23.6065933, -46.6645475 -23.6068172, -46.6646763 -23.606955))",-23.60691734012627,-46.66474847887987,1
way,1095525569,MCDONALDS,McDonald's,,,,,,,"POLYGON ((-46.6814194 -23.5893762, -46.6813611 -23.5893609, -46.6813649 -23.589349, -46.6812702 -23.589324, -46.6812428 -23.5894111, -46.6813957 -23.5894515, -46.6814194 -23.5893762))",-23.588949882254614,-46.68171438129895,1
way,1099889001,MCDONALDS,McDonald's,Avenida Presidente Tancredo Neves,,,,,,"POLYGON ((-46.6062397 -23.6094583, -46.6059395 -23.6095424, -46.6059104 -23.6095055, -46.6057626 -23.609567, -46.6057626 -23.6095978, -46.6058499 -23.6097949, -46.606009 -23.6097456, -46.6059798 -23.6096348, -46.6062576 -23.6095363, -46.606271 -23.6095075, -46.6062397 -23.6094583))",-23.609931171434216,-46.60550661076361,1
way,1106064811,MCDONALDS,McDonald's,Alameda dos Jurupis,1948,São Paulo,04088-006,,,"POLYGON ((-46.6694148 -23.6130264, -46.6688628 -23.6134707, -46.6686799 -23.613615, -46.6688942 -23.61384, -46.6690037 -23.6139549, -46.6690436 -23.6139668, -46.6690881 -23.613949, -46.6697358 -23.6134432, -46.6697502 -23.6134117, -46.6697462 -23.6133762, -46.6696396 -23.6132637, -46.6694148 -23.6130264))",-23.61397034635831,-46.66913185410895,1
way,1143713115,MCDONALDS,McDonald's,Avenida General Edgard Facó,,,,,,"POLYGON ((-46.7064267 -23.4994783, -46.7064121 -23.4995818, -46.7061174 -23.499576, -46.7061069 -23.4994917, -46.7061237 -23.4994476, -46.7061947 -23.4994438, -46.7064267 -23.4994783))",-23.499288508876226,-46.70644665338552,1
way,1178167135,MCDONALD'S,McDonald's,Avenida Atlântica,3771,São Paulo,,,,"POLYGON ((-46.7147847 -23.6959038, -46.71437 -23.6959146, -46.7143597 -23.6959147, -46.7143526 -23.6956926, -46.7147773 -23.6956883, -46.714781 -23.695796, -46.7147847 -23.6959038))",-23.695914737552947,-46.71449089815772,1
way,1178436298,MCDONALDS,McDonald's,Rua Vergueiro,205,São Paulo,01504-001,,,"POLYGON ((-46.6389776 -23.5639356, -46.6390023 -23.5640532, -46.6386713 -23.5641068, -46.6386511 -23.5640005, -46.6387104 -23.56399, -46.6387169 -23.5640238, -46.6387417 -23.5640197, -46.6387352 -23.5639856, -46.6388938 -23.5639574, -46.6389014 -23.5639929, -46.6389268 -23.5639883, -46.6389192 -23.5639529, -46.6389776 -23.5639356))",-23.56448257845646,-46.63889220482235,1
way,1180736143,Mc Donalds,McDonald's,Avenida Brigadeiro Faria Lima,1215,São Paulo,01452-002,,,"POLYGON ((-46.6921625 -23.5683113, -46.6921192 -23.5683744, -46.6921482 -23.5684042, -46.6921688 -23.5683721, -46.6921825 -23.5683508, -46.6921734 -23.5683462, -46.6921625 -23.5683113))",-23.56849684190791,-46.69258151808635,1
way,1204235539,MCDONALDS,McDonald's,Rua Leite de Morais,107,São Paulo,02034-020,,,"POLYGON ((-46.6253638 -23.502927, -46.6252451 -23.5029498, -46.6252699 -23.5030419, -46.6253875 -23.5030217, -46.6253638 -23.502927))",-23.50286178897246,-46.62515340009983,1
way,1217659220,MCDONALD'S,McDonald's,Avenida Santos Dumont,508,São Paulo,01101-000,,,"POLYGON ((-46.6303232 -23.5241441, -46.6303718 -23.5241293, -46.6303778 -23.5241275, -46.6304055 -23.5241207, -46.6304171 -23.5241823, -46.6304337 -23.52427, -46.6304387 -23.5242962, -46.6304433 -23.5243206, -46.630365 -23.5243764, -46.6303136 -23.5244131, -46.6302855 -23.524433, -46.6301774 -23.5245101, -46.6301394 -23.5244059, -46.6301337 -23.5243909, -46.6300964 -23.5243975, -46.6300689 -23.5243096, -46.6300624 -23.5243113, -46.6299872 -23.5243303, -46.6299151 -23.5243439, -46.6298123 -23.5243632, -46.6297985 -23.5242796, -46.6298633 -23.5242673, -46.6299657 -23.5242479, -46.6300557 -23.524223, -46.6300931 -23.5242126, -46.6301412 -23.5241993, -46.6301767 -23.5241886, -46.6303114 -23.5241477, -46.6303232 -23.5241441))",-23.52407676534729,-46.63038832012344,1
way,1228944792,MCDONALDS,McDonald's,Rua Pamplona,734,São Paulo,01405-001,,,"POLYGON ((-46.6546638 -23.5644388, -46.6545842 -23.5643591, -46.6545402 -23.5643956, -46.6546178 -23.5644759, -46.6546638 -23.5644388))",-23.564250647802687,-46.65477555300623,1
way,1240354054,MCDONALDS,McDonald's,Avenida Otaviano Alves de Lima,2888A,São Paulo,02701-000,,,"POLYGON ((-46.68453 -23.5082482, -46.6845572 -23.5083757, -46.6846252 -23.5086939, -46.6846401 -23.5087639, -46.6846781 -23.508942, -46.6847334 -23.5089337, -46.6848182 -23.508921, -46.6850296 -23.5085767, -46.6850639 -23.5085209, -46.6846509 -23.5083099, -46.68453 -23.5082482))",-23.508545890158384,-46.68507832734595,1
way,1240786947,McDonald's,McDonald's,Avenida Otaviano Alves de Lima,4694A,São Paulo,05101-100,,,"POLYGON ((-46.7036058 -23.5075096, -46.7037775 -23.5075299, -46.7038379 -23.5075282, -46.7038804 -23.5074513, -46.7041672 -23.5069404, -46.7038822 -23.5069182, -46.7038728 -23.5069924, -46.703665 -23.5069747, -46.7036058 -23.5075096))",-23.507025597101272,-46.70343410298672,1
way,1268405160,MCDONALDS,McDonald's,,,,,,,"POLYGON ((-46.7123786 -23.5606584, -46.7123769 -23.5607459, -46.7121985 -23.560743, -46.7122002 -23.5606554, -46.7123786 -23.5606584))",-23.560794599471155,-46.71195480785693,1
way,1271065866,MCDONALDS,McDonald's,Praça da Liberdade,135,São Paulo,01503-010,,,"POLYGON ((-46.6351752 -23.5541649, -46.6350919 -23.5541852, -46.6351086 -23.5542357, -46.6351999 -23.5542152, -46.6351752 -23.5541649))",-23.55441363968614,-46.635214377434174,1
way,1280258819,MCDONALDS,McDonald's,Rua Taquarichim,,,,,,"POLYGON ((-46.6030046 -23.6204131, -46.6029477 -23.6204951, -46.6031219 -23.6205936, -46.6031805 -23.6205041, -46.6030046 -23.6204131))",-23.620537155259363,-46.60312249743046,1
way,1307489465,Mc Donalds,McDonald's,Avenida Angélica,1752,São Paulo,01228-200,,,"POLYGON ((-46.6589572 -23.5479718, -46.6588514 -23.5477437, -46.659243 -23.547582, -46.6593544 -23.5478058, -46.6589572 -23.5479718))",-23.547765055512635,-46.65880767195386,1
way,1323882463,Mc Donalds,McDonald's,Avenida Ipiranga,764,São Paulo,01040-000,,,"POLYGON ((-46.6407251 -23.5429638, -46.6406653 -23.5429216, -46.6406963 -23.542888, -46.6407545 -23.5429317, -46.6407251 -23.5429638))",-23.54276725646456,-46.64092626901676,1
way,1355005743,MCDONALDS,McDonald's,Avenida Parada Pinto,1940,São Paulo,02611-001,,,"POLYGON ((-46.6525376 -23.4713605, -46.652418 -23.4714193, -46.6523997 -23.4714283, -46.6523927 -23.4714148, -46.6522545 -23.4714814, -46.6522413 -23.4714786, -46.6521757 -23.4715147, -46.6521454 -23.4714683, -46.6520475 -23.471312, -46.6519255 -23.4711201, -46.6521182 -23.47106, -46.6521799 -23.4710367, -46.6523108 -23.4709872, -46.6525376 -23.4713605))",-23.471653271226476,-46.65178425193532,1
way,1366064860,Mc Donalds,McDonald's,,,,,,,"POLYGON ((-46.7078697 -23.5950406, -46.7077721 -23.5949981, -46.7078705 -23.5948234, -46.7078968 -23.5948391, -46.7079046 -23.5948277, -46.7079425 -23.594844, -46.7079363 -23.5948582, -46.7079541 -23.5948674, -46.7078697 -23.5950406))",-23.594758641934117,-46.70814234498386,1
way,1422762843,Mc Donalds,McDonald's,,,,,,,"POLYGON ((-46.7071911 -23.576472, -46.7072342 -23.5765108, -46.707251 -23.5764951, -46.7072671 -23.5765096, -46.7072616 -23.5765148, -46.707323 -23.57657, -46.7073292 -23.5765642, -46.7073459 -23.5765792, -46.7073333 -23.576591, -46.7073486 -23.5766048, -46.7072857 -23.5766636, -46.7072617 -23.576642, -46.7072526 -23.5766505, -46.7071239 -23.5765347, -46.7071911 -23.576472))",-23.57692048133852,-46.70769368557315,1
way,1422916173,McDonald's,McDonald's,Avenida Professor Vicente Rao,1001,São Paulo,,08008881955,,"POLYGON ((-46.6799849 -23.6327416, -46.6798196 -23.6327265, -46.6797772 -23.6330428, -46.6799511 -23.6330634, -46.6799849 -23.6327416))",-23.63278375532117,-46.6796147405379,1
way,1457577418,McDonald's,McDonald's,,,,,,,"POLYGON ((-46.6905379 -23.5946186, -46.6905556 -23.5946455, -46.6906203 -23.5946158, -46.6905942 -23.594566, -46.6905379 -23.5946186))",-23.594695013258214,-46.690449842315815,1
way,1459694614,Mc Donalds,McDonald's,Avenida Ermano Marchetti,457,São Paulo,05038-000,,,"POLYGON ((-46.6955117 -23.5158711, -46.6959633 -23.5159481, -46.6960534 -23.5155021, -46.6960443 -23.5154869, -46.6960289 -23.5154756, -46.696006 -23.5154725, -46.6957667 -23.5154684, -46.6955264 -23.5154643, -46.6955117 -23.5158711))",-23.51546652207374,-46.695888205456825,1
way,1483908892,McDonald's,McDonald's,,,,,,,"POLYGON ((-46.7002393 -23.6952566, -46.7001244 -23.6953055, -46.7001275 -23.6953137, -46.7001051 -23.6953215, -46.7001545 -23.6954259, -46.7002721 -23.6953721, -46.7002626 -23.6953507, -46.7002833 -23.69534, -46.7002393 -23.6952566))",-23.695596075736297,-46.70003958728522,1
way,1495765197,MCDONALD'S,McDonald's,,,,,,,"POLYGON ((-46.4107606 -23.5815409, -46.4109402 -23.5816435, -46.4110079 -23.5816895, -46.4109361 -23.5817798, -46.4106871 -23.5816328, -46.4107606 -23.5815409))",-23.58126716526112,-46.410488146803814,1
